,Taxi_dist,Market_dist,Hospital_dist,Carpet_area,Builtup_area,Parking_type,City_type,Rainfall,Price_house,prediction, Difference 
1,9796,5250,10703,1659,1961,Open,CAT B,530,6649000,5608831.203," 1,040,168.80 "
2,8294,8186,12694,1461,1752,Not Provided,CAT B,210,3982000,5403239.38," (1,421,239.38)"
3,11001,14399,16991,1340,1609,Not Provided,CAT A,720,5401000,7423361.717," (2,022,361.72)"
4,8301,11188,12289,1451,1748,Covered,CAT B,620,5373000,5828937.914," (455,937.91)"
5,10510,12629,13921,1770,2111,Not Provided,CAT B,450,4662000,5703462.75," (1,041,462.75)"
6,6665,5142,9972,1442,1733,Open,CAT B,760,4526000,5407719.598," (881,719.60)"
7,13153,11869,17811,1542,1858,No Parking,CAT A,1030,7224000,7527266.032," (303,266.03)"
8,5882,9948,13315,1261,1507,Open,CAT C,1020,3772000,4723132.033," (951,132.03)"
9,7495,11589,13370,1090,1321,Not Provided,CAT B,680,4631000,5202715.014," (571,715.01)"
10,8233,7067,11400,1030,1235,Open,CAT C,1130,4415000,4424444.611," (9,444.61)"
11,4278,10646,8243,1187,1439,Covered,CAT A,1090,7128000,7131512.356," (3,512.36)"
12,8066,11149,12936,1751,2098,No Parking,CAT B,720,5762000,5523626.52," 238,373.48 "
13,7693,9130,14684,1746,2064,Open,CAT B,1050,6047000,5963908.037," 83,091.96 "
14,5236,10853,13054,1615,1931,Covered,CAT B,1160,5913000,5996746.763," (83,746.76)"
15,6027,6707,10176,1469,1756,Open,CAT B,770,6636000,5441155.325," 1,194,844.67 "
16,9648,14789,12812,1644,1950,Covered,CAT A,790,7887000,7780501.381," 106,498.62 "
17,11079,13102,13076,1578,1907,Open,CAT A,1440,7725000,7512817.708," 212,182.29 "
18,6698,11519,13441,1703,2045,Covered,CAT B,670,3817000,6085042.628," (2,268,042.63)"
19,9609,9066,13304,1438,1731,Open,CAT A,1030,6354000,7435131.839," (1,081,131.84)"
21,8155,8085,9837,1940,2340,Covered,CAT C,980,4019000,5166082.692," (1,147,082.69)"
22,9669,12385,13589,1421,1700,No Parking,CAT C,370,4346000,4538117.518," (192,117.52)"
23,11613,11675,15476,1458,1746,Open,CAT A,690,6889000,7610288.862," (721,288.86)"
24,10664,14161,15076,1719,2065,Covered,CAT B,950,5278000,6217532.995," (939,532.99)"
25,7309,7468,11460,1449,1752,Not Provided,CAT B,620,5068000,5303294.868," (235,294.87)"
26,7103,9832,10943,1234,1488,No Parking,CAT B,840,4188000,5025771.769," (837,771.77)"
27,6615,8178,12804,1732,2073,Not Provided,CAT C,820,7005000,4783653.807," 2,221,346.19 "
30,11735,10687,16954,1390,1648,No Parking,CAT B,980,6053000,5578566.902," 474,433.10 "
31,13441,13852,17989,1642,1943,No Parking,CAT B,710,7810000,5825964.749," 1,984,035.25 "
32,8876,13372,15845,1715,2071,Open,CAT B,650,8486000,6029348.038," 2,456,651.96 "
33,4066,9318,10159,1439,1746,Open,CAT A,990,8014000,7201764.398," 812,235.60 "
35,9904,11866,14566,1331,1608,Open,CAT B,880,6046000,5674547.935," 371,452.06 "
36,6526,7876,11215,1784,2163,Covered,CAT B,620,7456000,5974152.498," 1,481,847.50 "
37,6166,9680,12079,1375,1648,Not Provided,CAT A,1020,7243000,7081485.456," 161,514.54 "
38,5064,10573,9796,1871,2230,Covered,CAT B,700,4546000,5927373.979," (1,381,373.98)"
39,6712,10341,15629,1442,1744,Not Provided,CAT C,610,4157000,4797816.564," (640,816.56)"
40,8317,13286,12785,1174,1411,Covered,CAT A,1080,6287000,7460728.142," (1,173,728.14)"
41,7796,17101,16192,1839,2204,No Parking,CAT B,1010,5517000,5825426.645," (308,426.65)"
42,9171,8368,12566,1270,1516,Not Provided,CAT B,0,4548000,5264580.054," (716,580.05)"
44,9357,11584,14219,1435,1725,Open,CAT C,1250,4955000,4908045.871," 46,954.13 "
45,8101,11176,13502,965,1152,Not Provided,CAT C,600,4814000,4317033.588," 496,966.41 "
46,8794,12199,14275,1665,2001,No Parking,CAT A,730,6764000,7347284.699," (583,284.70)"
47,6017,14147,12642,1780,2117,Open,CAT C,780,3973000,5023941.495," (1,050,941.50)"
48,11265,12999,14621,1009,1194,Not Provided,CAT C,520,3580000,4430055.063," (850,055.06)"
49,6407,10134,13433,1227,1471,No Parking,CAT A,870,4927000,6988496.061," (2,061,496.06)"
51,7193,10163,10715,1769,2087,No Parking,CAT B,690,6651000,5370514.585," 1,280,485.41 "
52,9723,11620,13693,1660,1982,Open,CAT B,910,6253000,5832016.094," 420,983.91 "
53,11363,14001,17453,1472,1776,Open,CAT B,1260,5998000,5984720.902," 13,279.10 "
54,13157,11247,16385,1408,1688,Not Provided,CAT A,1040,7635000,7424238.977," 210,761.02 "
55,11657,12184,16450,1514,1820,Covered,CAT B,910,8182000,6181183.681," 2,000,816.32 "
56,10269,7505,13552,1565,1880,Covered,CAT B,1300,5783000,6000002.079," (217,002.08)"
57,9480,15910,16887,1074,1288,Not Provided,CAT B,320,7045000,5453624.421," 1,591,375.58 "
58,10451,11465,16488,1864,2240,No Parking,CAT B,530,6700000,5864356.61," 835,643.39 "
59,7331,11247,10787,1570,1898,No Parking,CAT B,980,6409000,5241330.043," 1,167,669.96 "
60,8458,13941,15721,1417,1701,Open,CAT B,740,4867000,5818644.374," (951,644.37)"
61,9620,15033,14775,1734,2060,Not Provided,CAT B,1240,6621000,5742676.062," 878,323.94 "
62,10566,10728,16951,1470,1763,Covered,CAT B,1080,8366000,6188718.812," 2,177,281.19 "
63,5568,11538,14767,1761,2104,Not Provided,CAT A,1080,7077000,7542492.226," (465,492.23)"
64,8210,9740,12485,1756,2070,Open,CAT C,460,5387000,4996031.678," 390,968.32 "
65,4533,6617,10052,1704,2045,No Parking,CAT A,300,7130000,7059386.577," 70,613.42 "
67,6239,7326,9085,2011,2391,Not Provided,CAT C,530,4610000,4695524.634," (85,524.63)"
68,10504,9938,13747,1472,1748,Open,CAT B,600,4910000,5708929.062," (798,929.06)"
69,12715,10229,15329,1310,1561,Not Provided,CAT B,860,6592000,5497239.785," 1,094,760.22 "
70,9472,9686,13464,1544,1821,Covered,CAT B,590,5866000,5979255.361," (113,255.36)"
71,4195,9050,7517,1707,2052,Open,CAT B,920,6913000,5404189.035," 1,508,810.96 "
72,5858,8114,11026,1881,2262,No Parking,CAT C,570,4908000,4658388.089," 249,611.91 "
73,9849,8773,15371,1416,1681,Not Provided,CAT A,290,7271000,7354188.22," (83,188.22)"
74,7983,6338,11916,1631,1941,Open,CAT B,650,3343000,5680169.203," (2,337,169.20)"
75,5174,9293,10704,1318,1576,Covered,CAT C,710,4243000,4810072.621," (567,072.62)"
76,7629,8786,12052,1692,2019,Open,CAT B,850,5665000,5731531.711," (66,531.71)"
77,8841,11909,11625,1152,1380,Not Provided,CAT B,530,3358000,5114774.001," (1,756,774.00)"
78,9327,9867,14244,891,1073,Not Provided,CAT A,630,6737000,6915370.413," (178,370.41)"
79,6637,10365,9537,1468,1749,Not Provided,CAT A,700,7178000,6955192.468," 222,807.53 "
80,4589,12404,12558,1539,1833,Not Provided,CAT A,650,8484000,7228010.854," 1,255,989.15 "
81,9604,13622,15501,1635,1956,Covered,CAT A,720,8207000,7974525.621," 232,474.38 "
83,11676,14735,15825,1250,1475,Open,CAT B,1390,6556000,5713476.19," 842,523.81 "
85,5909,10455,13125,1720,2044,Open,CAT B,960,3866000,5830312.476," (1,964,312.48)"
86,9674,12676,14459,1462,1761,Not Provided,CAT A,600,6566000,7317419.619," (751,419.62)"
87,4997,9411,11468,1431,1711,No Parking,CAT C,620,4070000,4387038.601," (317,038.60)"
88,9371,12701,16615,1539,1858,Not Provided,CAT A,1020,8891000,7529923.292," 1,361,076.71 "
89,14306,12591,18029,1441,1723,Open,CAT B,330,5786000,6006626.574," (220,626.57)"
90,6591,14567,13985,1572,1884,No Parking,CAT C,1410,4267000,4669677.035," (402,677.03)"
91,7566,9599,16454,1287,1525,Not Provided,CAT A,1200,9018000,7347566.478," 1,670,433.52 "
92,8463,8825,7307,1468,1760,Not Provided,CAT C,280,5128000,4196091.248," 931,908.75 "
93,1200,7579,7376,1931,2342,Covered,CAT A,940,9726000,7570005.839," 2,155,994.16 "
94,6871,10557,12097,1252,1506,Open,CAT B,850,3965000,5437399.348," (1,472,399.35)"
95,6956,9048,11991,1238,1468,Open,CAT C,960,4572000,4609052.903," (37,052.90)"
97,2222,10106,8858,1479,1758,Covered,CAT C,420,4206000,4781548.684," (575,548.68)"
98,6194,8473,11978,1590,1912,Open,CAT B,830,6535000,5657063.263," 877,936.74 "
99,7025,10344,11682,2169,2617,Open,CAT B,600,6708000,6026493.795," 681,506.21 "
100,9233,12290,14032,1838,2205,Covered,CAT B,400,5403000,6220296.091," (817,296.09)"
101,7185,13170,13904,1385,1655,Open,CAT A,760,5636000,7443949.476," (1,807,949.48)"
102,7021,12206,14664,1921,2305,Covered,CAT A,1470,7712000,8105600.794," (393,600.79)"
103,7970,9719,9695,1975,2385,Not Provided,CAT B,500,5081000,5527572.903," (446,572.90)"
104,10381,15076,16590,1853,2235,Not Provided,CAT B,1120,6096000,5958199.242," 137,800.76 "
105,5725,16967,11221,1816,2171,Open,CAT A,1160,6118000,7535683.215," (1,417,683.21)"
106,13866,13472,15427,1785,2147,Open,CAT C,820,6366000,5234575.14," 1,131,424.86 "
107,6353,15169,13058,1579,1899,No Parking,CAT B,1140,4119000,5416417.386," (1,297,417.39)"
108,7944,7275,10843,1096,1321,Open,CAT A,900,7842000,7020765.993," 821,234.01 "
109,6445,9455,10950,1919,2294,Not Provided,CAT A,760,6558000,7365262.805," (807,262.80)"
110,4446,9575,9133,1262,1500,Not Provided,CAT A,1170,8908000,6785852.466," 2,122,147.53 "
111,5320,9845,9590,1374,1655,Covered,CAT A,1080,9417000,7358182.432," 2,058,817.57 "
112,10103,11932,16948,1309,1587,Not Provided,CAT B,1000,5095000,5617045.879," (522,045.88)"
113,11517,11278,14656,1207,1434,Not Provided,CAT A,690,6518000,7159676.046," (641,676.05)"
114,7388,15701,14982,1692,2031,Open,CAT A,810,6931000,7731732.427," (800,732.43)"
115,11475,14768,15998,1929,2311,Open,CAT B,630,7921000,6185417.957," 1,735,582.04 "
117,6255,11047,10332,1415,1700,Covered,CAT B,920,3633000,5658963.19," (2,025,963.19)"
118,7018,7981,13748,1162,1382,Open,CAT C,1260,5170000,4688421.619," 481,578.38 "
119,9588,10711,13963,1485,1787,Open,CAT B,800,6295000,5733792.492," 561,207.51 "
120,8276,11728,11932,1897,2248,Not Provided,CAT A,1330,5601000,7423466.887," (1,822,466.89)"
121,7739,12930,12703,1607,1927,No Parking,CAT B,940,4508000,5408929.736," (900,929.74)"
122,10106,13805,16769,1909,2287,Not Provided,CAT B,1210,4683000,6009381.241," (1,326,381.24)"
123,8510,10891,13380,1274,1503,Open,CAT A,660,6475000,7329908.241," (854,908.24)"
124,5553,13174,11586,1157,1379,Not Provided,CAT A,770,8078000,6897409.159," 1,180,590.84 "
126,8702,13088,14238,1500,1798,No Parking,CAT C,860,5671000,4639825.968," 1,031,174.03 "
127,6777,9885,11064,1682,2017,Open,CAT B,780,4939000,5651246.129," (712,246.13)"
128,7944,14333,12801,1441,1727,Not Provided,CAT A,890,6600000,7179837.178," (579,837.18)"
130,5237,9949,9116,1408,1669,Not Provided,CAT B,530,4658000,5101140.043," (443,140.04)"
131,6567,14955,13427,1947,2333,Open,CAT A,790,7978000,7788416.822," 189,583.18 "
132,7293,6919,11618,1164,1390,Not Provided,CAT C,370,3551000,4311373.335," (760,373.34)"
133,4415,9440,10672,1787,2137,Covered,CAT A,610,8097000,7717928.969," 379,071.03 "
134,6873,7786,9520,1871,2241,Open,CAT B,500,6115000,5664126.944," 450,873.06 "
135,6139,9882,10482,1718,2051,Open,CAT B,750,4921000,5632274.42," (711,274.42)"
136,10772,9004,13291,1365,1636,Not Provided,CAT A,980,7995000,7164918.722," 830,081.28 "
137,4233,10090,11422,1368,1654,No Parking,CAT A,530,6874000,6934171.34," (60,171.34)"
138,7238,13882,13825,1342,1595,Open,CAT B,910,5748000,5626841.48," 121,158.52 "
139,7066,15366,15721,1076,1270,Open,CAT A,620,7263000,7370253.457," (107,253.46)"
140,8353,12447,12931,1396,1672,No Parking,CAT B,1170,5007000,5283241.226," (276,241.23)"
141,11621,14446,14609,1713,2071,Open,CAT B,900,4049000,5936015.626," (1,887,015.63)"
142,10831,15438,16525,1370,1638,Open,CAT B,980,5185000,5846699.775," (661,699.77)"
143,7650,5591,10198,1667,1993,No Parking,CAT C,740,4284000,4452086.251," (168,086.25)"
144,8464,14185,15235,1638,1972,Not Provided,CAT B,810,6094000,5712003.205," 381,996.79 "
145,6502,9917,10173,1581,1905,Open,CAT B,810,6228000,5516654.549," 711,345.45 "
146,4945,10098,9241,1795,2187,Open,CAT A,300,7653000,7374138.288," 278,861.71 "
147,5123,8950,8719,1179,1412,Covered,CAT A,790,8513000,7161526.412," 1,351,473.59 "
148,7540,7861,10544,1978,2374,Open,CAT B,800,4859000,5812672.634," (953,672.63)"
149,3529,13267,9687,1688,2042,No Parking,CAT A,760,7308000,7021406.636," 286,593.36 "
150,7597,10595,9399,1214,1456,Not Provided,CAT B,530,4895000,4991038.094," (96,038.09)"
151,4198,8105,7609,1504,1805,Open,CAT C,540,4856000,4462795.607," 393,204.39 "
152,9257,12705,15491,1498,1770,Not Provided,CAT B,620,5938000,5636401.03," 301,598.97 "
153,7611,8008,11018,1462,1762,Open,CAT C,1010,5119000,4688089.474," 430,910.53 "
154,9334,12267,14658,1442,1750,Not Provided,CAT B,130,5892000,5536549.883," 355,450.12 "
155,3761,8492,8590,1250,1486,Open,CAT B,730,5036000,5175064.435," (139,064.44)"
156,7738,9475,14329,1229,1480,Open,CAT C,830,3807000,4776956.545," (969,956.54)"
157,5964,10763,12082,1936,2300,Covered,CAT C,1060,4917000,5330445.96," (413,445.96)"
158,7032,11598,12267,1369,1629,Open,CAT C,770,3974000,4718160.43," (744,160.43)"
160,10868,12273,14157,1662,1986,Open,CAT B,70,6373000,5867898.074," 505,101.93 "
162,10100,11816,14994,1548,1855,Open,CAT A,670,8533000,7635267.97," 897,732.03 "
164,11678,14658,14417,1393,1663,Open,CAT C,670,3732000,4894384.639," (1,162,384.64)"
165,3644,10324,10264,1450,1734,Not Provided,CAT A,380,7112000,6997124.422," 114,875.58 "
166,5595,13050,12267,1613,1921,Covered,CAT A,1200,7280000,7718984.858," (438,984.86)"
167,10043,12339,14476,1408,1696,No Parking,CAT C,350,3441000,4595336.765," (1,154,336.76)"
168,3050,11554,8995,775,932,Open,CAT C,1090,4253000,4073066.292," 179,933.71 "
169,9487,10781,15148,1275,1534,Covered,CAT A,1230,5430000,7704862.515," (2,274,862.51)"
170,9674,12730,15159,1740,2078,Open,CAT B,680,5078000,5995199.863," (917,199.86)"
171,6373,8175,9701,1372,1657,Open,CAT B,580,4502000,5340225.865," (838,225.86)"
172,6326,11417,9620,1414,1723,Covered,CAT A,680,6960000,7387458.704," (427,458.70)"
173,3328,6678,9320,2044,2474,Open,CAT B,340,8034000,5766207.595," 2,267,792.41 "
174,8509,10793,11170,1823,2176,Not Provided,CAT B,700,3781000,5534572.731," (1,753,572.73)"
175,9963,10658,14014,955,1133,Not Provided,CAT C,580,4614000,4348374.494," 265,625.51 "
176,5754,6031,9745,1465,1763,Not Provided,CAT A,680,9957000,6968643.061," 2,988,356.94 "
177,10039,8836,15253,1331,1606,Open,CAT C,630,3865000,4914680.002," (1,049,680.00)"
178,8738,12259,15087,1232,1487,Not Provided,CAT C,860,4980000,4615502.551," 364,497.45 "
179,5736,11309,14316,1481,1765,No Parking,CAT A,490,6991000,7225934.612," (234,934.61)"
180,4692,5460,7531,1343,1599,Open,CAT B,870,4491000,5159132.835," (668,132.83)"
181,8391,12763,15332,1539,1837,Covered,CAT A,990,7847000,7897044.058," (50,044.06)"
182,9770,11006,16758,1007,1207,No Parking,CAT B,670,4746000,5305037.216," (559,037.22)"
183,7371,9749,13443,1762,2145,Open,CAT C,490,3346000,5071380.356," (1,725,380.36)"
184,10662,10945,13294,1527,1832,Not Provided,CAT C,580,4409000,4681519.284," (272,519.28)"
185,5654,10609,9842,1356,1619,Covered,CAT C,700,4262000,4771616.155," (509,616.15)"
186,13166,11814,18307,1536,1848,No Parking,CAT B,670,6945000,5777963.65," 1,167,036.35 "
187,9255,11812,14629,1605,1902,Not Provided,CAT B,390,7312000,5644595.018," 1,667,404.98 "
188,4917,7195,9468,1704,2032,Covered,CAT C,590,4830000,4979064.502," (149,064.50)"
189,7557,9831,13403,1626,1941,Not Provided,CAT A,1350,5809000,7349713.913," (1,540,713.91)"
190,6424,13011,11082,1612,1939,Not Provided,CAT A,840,7425000,7167525.219," 257,474.78 "
191,4933,12836,12107,1174,1396,Covered,CAT B,1100,4093000,5628115.99," (1,535,115.99)"
192,7713,12150,13475,1923,2339,Open,CAT A,950,7093000,7775762.624," (682,762.62)"
193,9247,8857,14642,1702,2053,Open,CAT A,950,6467000,7713191.359," (1,246,191.36)"
194,15522,13528,20076,1398,1692,No Parking,CAT A,650,7742000,7598464.557," 143,535.44 "
196,10813,12852,16833,1524,1796,Open,CAT C,1060,4108000,5162745.954," (1,054,745.95)"
198,10296,11300,10885,1660,1985,Covered,CAT C,1180,4286000,5054766.207," (768,766.21)"
199,9834,14431,16375,1302,1569,Open,CAT C,710,6845000,4978569.901," 1,866,430.10 "
200,8704,13572,12349,1666,2000,Open,CAT C,480,3973000,4925062.458," (952,062.46)"
201,7863,11266,12375,1391,1649,Open,CAT A,810,8375000,7334221.438," 1,040,778.56 "
202,10083,13322,15167,1778,2148,Open,CAT A,1140,6994000,7803643.738," (809,643.74)"
203,11203,12227,16293,1462,1770,Open,CAT A,1070,6771000,7673792.463," (902,792.46)"
204,12499,11966,17546,1751,2115,No Parking,CAT B,790,6736000,5866691.923," 869,308.08 "
205,10890,13235,13935,1652,1982,Covered,CAT C,690,5246000,5276331.315," (30,331.32)"
206,10502,12011,16938,1841,2215,Covered,CAT A,610,8876000,8220739.065," 655,260.94 "
208,13120,15147,20263,1496,1791,Not Provided,CAT A,1240,6703000,7772326.886," (1,069,326.89)"
209,1868,9951,9760,1504,1827,Open,CAT A,840,7823000,7216017.833," 606,982.17 "
210,8643,12365,13695,1524,1808,Not Provided,CAT B,460,6227000,5520325.349," 706,674.65 "
211,8121,9372,10995,1148,1371,Open,CAT A,940,4976000,7067234.341," (2,091,234.34)"
212,11100,10338,14201,1468,1744,No Parking,CAT A,590,7366000,7208587.365," 157,412.64 "
213,6126,8116,14091,1310,1558,Not Provided,CAT A,890,7232000,7187267.703," 44,732.30 "
214,10187,12921,13539,1321,1579,Covered,CAT B,770,6889000,5834067.827," 1,054,932.17 "
215,4053,7724,8975,992,1192,Not Provided,CAT C,900,3418000,3998399.377," (580,399.38)"
216,9932,8958,14087,1540,1857,Open,CAT C,1020,5826000,4969212.562," 856,787.44 "
217,8385,12977,14868,1807,2149,Not Provided,CAT B,910,3812000,5798951.733," (1,986,951.73)"
218,9236,12932,14681,1526,1853,Open,CAT C,660,4907000,5003951.341," (96,951.34)"
219,11195,16650,18762,1406,1677,Open,CAT A,480,6166000,7819668.422," (1,653,668.42)"
220,11749,11673,16036,1703,2055,No Parking,CAT C,1080,3783000,4910875.905," (1,127,875.90)"
221,5159,12872,9786,1575,1872,Covered,CAT C,690,5227000,4915513.251," 311,486.75 "
222,11291,8711,14479,1309,1572,Open,CAT C,510,5228000,4842206.676," 385,793.32 "
223,5312,12616,12095,1488,1807,Open,CAT A,1030,7081000,7378965.567," (297,965.57)"
224,12001,16298,15585,1658,1988,Not Provided,CAT B,370,7153000,5751571.256," 1,401,428.74 "
225,9024,9404,13234,1863,2245,Open,CAT A,640,7726000,7717262.356," 8,737.64 "
226,6209,10808,11285,1458,1725,Not Provided,CAT A,750,7555000,7078513.599," 476,486.40 "
227,5770,12932,13163,1604,1909,Open,CAT C,370,3373000,4943720.632," (1,570,720.63)"
228,6697,8730,11209,1575,1899,Open,CAT B,840,6627000,5589694.681," 1,037,305.32 "
229,5899,7614,9374,1525,1829,Covered,CAT A,840,5582000,7444198.343," (1,862,198.34)"
230,9939,14835,15351,1451,1737,Open,CAT A,890,6843000,7596254," (753,254.00)"
231,12336,14878,17719,1390,1687,Open,CAT A,620,7399000,7731233.308," (332,233.31)"
232,10238,9621,12102,1442,1742,Open,CAT A,310,6280000,7348386.188," (1,068,386.19)"
233,10664,7432,14294,1620,1922,Covered,CAT B,550,3374000,6092405.126," (2,718,405.13)"
234,13071,15127,17387,1251,1527,Open,CAT C,380,6383000,5019399.8," 1,363,600.20 "
236,10539,14728,14223,1647,1962,No Parking,CAT A,800,7002000,7331245.297," (329,245.30)"
237,11355,11024,16005,1829,2175,No Parking,CAT A,870,9224000,7586906.587," 1,637,093.41 "
238,8387,11281,14879,1852,2227,Covered,CAT C,1220,6823000,5481800.292," 1,341,199.71 "
239,12631,12290,14599,1699,2053,Open,CAT A,1080,8187000,7707963.119," 479,036.88 "
240,5366,11566,12466,1325,1595,Open,CAT A,540,7386000,7296371.272," 89,628.73 "
241,6571,10429,11465,1350,1634,Open,CAT B,880,7712000,5456624.555," 2,255,375.44 "
242,5485,8488,12234,1347,1628,Covered,CAT A,120,7235000,7536688.194," (301,688.19)"
243,5181,9038,10100,1397,1661,Open,CAT B,1410,4916000,5386820.849," (470,820.85)"
244,8085,11993,13463,1245,1499,Open,CAT B,570,4565000,5534321.214," (969,321.21)"
245,10612,8229,15696,1366,1649,Not Provided,CAT B,940,5278000,5562412.303," (284,412.30)"
246,10625,13922,16123,1378,1658,Not Provided,CAT A,760,9096000,7384458.745," 1,711,541.26 "
247,2999,11347,8760,1767,2110,Not Provided,CAT A,1200,6495000,7099521.916," (604,521.92)"
248,10631,8780,15335,1184,1434,Not Provided,CAT C,670,4723000,4601505.64," 121,494.36 "
249,8323,10395,11206,1257,1505,No Parking,CAT A,950,8325000,6843050.743," 1,481,949.26 "
251,5758,10148,13301,1863,2247,Open,CAT C,480,5195000,5129098.496," 65,901.50 "
252,9707,8985,13875,1881,2244,Open,CAT B,920,6603000,5994976.779," 608,023.22 "
253,13392,13930,18104,1329,1609,Not Provided,CAT B,1150,6859000,5716594.562," 1,142,405.44 "
254,4906,10462,12246,1539,1848,Open,CAT B,750,4714000,5642526.425," (928,526.42)"
255,10006,10003,14751,1557,1861,No Parking,CAT A,370,6994000,7309689.402," (315,689.40)"
256,6583,6438,10118,2007,2397,Open,CAT C,610,6589000,4989584.56," 1,599,415.44 "
257,10100,11800,14304,1185,1418,Not Provided,CAT B,1150,8931000,5336449.993," 3,594,550.01 "
258,9573,13264,16608,1657,2003,Not Provided,CAT B,1070,5854000,5827024.427," 26,975.57 "
259,8231,10056,14031,1294,1539,Not Provided,CAT A,790,7813000,7171985.147," 641,014.85 "
260,10213,13975,15747,1296,1559,No Parking,CAT A,1070,9230000,7207348.976," 2,022,651.02 "
261,10437,13268,14922,1733,2097,Open,CAT B,730,5617000,5972830.224," (355,830.22)"
262,6382,6892,13197,1641,1976,Open,CAT B,620,4605000,5782259.158," (1,177,259.16)"
263,5732,12634,12938,1373,1648,Not Provided,CAT B,530,4339000,5361901.058," (1,022,901.06)"
264,5402,6653,10474,1550,1845,Covered,CAT A,700,6175000,7542960.105," (1,367,960.10)"
266,8784,12817,14448,1428,1719,Not Provided,CAT C,1060,3980000,4700464.001," (720,464.00)"
267,5566,9162,10429,1604,1925,Covered,CAT B,670,5437000,5793963.382," (356,963.38)"
268,8228,13686,13223,1439,1735,Not Provided,CAT A,400,6247000,7209889.243," (962,889.24)"
269,10414,11359,12764,1648,2003,Open,CAT A,910,8293000,7536925.947," 756,074.05 "
270,12974,13529,18046,1025,1231,No Parking,CAT B,760,6372000,5413056.843," 958,943.16 "
271,8712,10134,13615,2001,2394,Not Provided,CAT B,540,7918000,5836868.554," 2,081,131.45 "
272,4616,9983,10644,1145,1370,Covered,CAT B,350,3821000,5499636.244," (1,678,636.24)"
274,11875,9962,14066,913,1106,Open,CAT A,860,5661000,7136888.987," (1,475,888.99)"
275,8895,10317,12353,1199,1433,Not Provided,CAT A,1020,7371000,6982883.431," 388,116.57 "
276,7653,11521,14161,1875,2254,Open,CAT A,1120,7040000,7794360.648," (754,360.65)"
277,13339,15821,18449,1153,1397,No Parking,CAT C,1020,5044000,4718594.267," 325,405.73 "
278,4355,6857,6316,1240,1492,Not Provided,CAT B,940,6684000,4779186.887," 1,904,813.11 "
279,5577,8399,11778,1381,1660,Open,CAT B,970,5017000,5500876.182," (483,876.18)"
281,11184,12656,14583,1701,2030,Covered,CAT C,830,6014000,5357682.541," 656,317.46 "
282,12728,12131,16681,1206,1456,Open,CAT C,920,3713000,4936436.725," (1,223,436.72)"
283,6297,11128,11198,1476,1777,No Parking,CAT C,660,4289000,4397370.043," (108,370.04)"
285,9061,8496,14431,1837,2220,No Parking,CAT A,340,5084000,7475181.942," (2,391,181.94)"
287,7573,9645,14012,1617,1901,Open,CAT B,490,6077000,5826683.305," 250,316.70 "
288,6923,7928,12000,1631,1967,Open,CAT B,1090,6960000,5686420.287," 1,273,579.71 "
289,7635,10625,12975,1517,1805,Covered,CAT C,1040,4174000,5113617.736," (939,617.74)"
290,8117,13349,16226,1764,2109,Not Provided,CAT C,1210,5013000,5059946.025," (46,946.03)"
292,10437,13667,12454,1855,2197,Open,CAT B,1170,8049000,5871650.856," 2,177,349.14 "
293,7974,13932,12772,1327,1571,Not Provided,CAT B,730,3402000,5318447.424," (1,916,447.42)"
294,8705,12027,14258,1270,1515,Open,CAT B,720,6024000,5610385.591," 413,614.41 "
295,6573,11137,9470,1734,2073,Open,CAT B,500,3946000,5567781.247," (1,621,781.25)"
296,11017,8028,14703,1533,1848,Covered,CAT B,1070,5644000,6064021.81," (420,021.81)"
297,10517,9839,13059,1390,1646,Open,CAT B,800,4684000,5602290.044," (918,290.04)"
298,5896,14047,13272,1856,2216,Open,CAT B,1020,6482000,5933200.593," 548,799.41 "
299,8051,10492,11114,1000,1215,Open,CAT A,1070,5252000,6976028.198," (1,724,028.20)"
300,7097,13252,13997,1313,1586,Covered,CAT C,420,4594000,5051749.501," (457,749.50)"
301,4219,5927,7860,1494,1799,Open,CAT C,510,3897000,4474713.504," (577,713.50)"
302,9908,12872,13554,1386,1674,No Parking,CAT B,1210,5861000,5322842.491," 538,157.51 "
304,7964,17040,14582,1057,1264,Open,CAT B,360,4773000,5490488.988," (717,488.99)"
305,4019,7091,8720,902,1093,Covered,CAT A,1210,6464000,6974322.92," (510,322.92)"
307,8801,11775,12950,1347,1622,Open,CAT B,560,4486000,5565106.497," (1,079,106.50)"
308,10720,13072,14860,1314,1576,Covered,CAT B,360,5566000,5927640.898," (361,640.90)"
309,8556,11931,13511,1513,1803,Not Provided,CAT C,970,5753000,4688202.606," 1,064,797.39 "
310,8933,14064,14874,1305,1548,Not Provided,CAT A,480,7520000,7242156.262," 277,843.74 "
311,8100,9239,10996,1180,1436,No Parking,CAT B,690,3733000,4993206.853," (1,260,206.85)"
312,9354,8578,10360,1142,1352,Not Provided,CAT C,710,3528000,4202881.864," (674,881.86)"
313,10692,13202,16298,1471,1768,Not Provided,CAT A,780,7061000,7460358.534," (399,358.53)"
314,12386,12834,13614,1075,1288,Not Provided,CAT C,630,4972000,4399738.655," 572,261.34 "
315,8541,13767,13081,1578,1885,Covered,CAT A,220,6885000,7755897.558," (870,897.56)"
316,8450,10286,13820,1585,1916,Covered,CAT C,1110,5074000,5222475.018," (148,475.02)"
317,9803,14989,14259,1391,1648,Open,CAT A,720,7707000,7474424.306," 232,575.69 "
318,11142,10953,14331,1577,1892,Open,CAT A,560,7473000,7605535.775," (132,535.78)"
319,9851,13410,16916,1092,1314,Open,CAT A,600,7653000,7470000.055," 182,999.95 "
320,6089,13147,10479,1375,1681,Open,CAT A,440,6890000,7182308.062," (292,308.06)"
321,11240,9781,15232,1523,1813,Covered,CAT A,520,4496000,7878784.795," (3,382,784.80)"
322,10349,10540,14593,1373,1654,Not Provided,CAT B,410,4149000,5485062.281," (1,336,062.28)"
323,6237,11896,12512,1550,1871,Covered,CAT A,590,7432000,7694623.291," (262,623.29)"
324,5516,9426,11457,1614,1946,Covered,CAT A,740,7380000,7659382.649," (279,382.65)"
326,8362,9041,13899,1566,1889,Covered,CAT B,610,5640000,6026501.1," (386,501.10)"
327,4603,9103,10753,2019,2396,Covered,CAT A,540,7157000,7880810.5," (723,810.50)"
328,4904,11562,12490,1494,1806,Open,CAT B,1450,4364000,5630260.124," (1,266,260.12)"
329,9722,13414,13617,1659,2008,No Parking,CAT C,620,3512000,4701111.475," (1,189,111.47)"
330,8884,6700,11772,1766,2131,Covered,CAT B,340,5867000,6003433.449," (136,433.45)"
331,10457,16441,17743,1293,1554,Covered,CAT A,970,7580000,7910146.02," (330,146.02)"
332,3114,7163,8477,1375,1659,Covered,CAT A,1080,7664000,7276031.673," 387,968.33 "
334,11416,11521,18432,1332,1586,No Parking,CAT C,630,6167000,4838349.91," 1,328,650.09 "
335,7492,12257,11623,1513,1825,Covered,CAT A,980,7595000,7603450.533," (8,450.53)"
336,9464,10762,13998,1208,1459,Open,CAT C,930,4149000,4738126.336," (589,126.34)"
337,7960,15487,11348,1190,1429,Open,CAT B,470,6617000,5339742.723," 1,277,257.28 "
338,4850,12848,11995,1448,1734,Open,CAT C,680,3798000,4751330.216," (953,330.22)"
339,9308,18281,18532,1771,2147,Open,CAT C,430,6271000,5456176.658," 814,823.34 "
340,5889,12646,10210,1365,1645,Not Provided,CAT A,830,6047000,6935637.918," (888,637.92)"
341,5622,11612,11735,1510,1810,No Parking,CAT C,950,3523000,4460319.505," (937,319.51)"
342,6509,11842,12569,1458,1736,Open,CAT B,870,4855000,5611799.752," (756,799.75)"
343,13991,16736,17999,1808,2157,Not Provided,CAT C,730,5681000,5221636.648," 459,363.35 "
344,8257,11489,12600,1615,1954,Open,CAT B,760,4108000,5720253.385," (1,612,253.38)"
345,7259,11982,13297,1640,1948,Covered,CAT C,960,5127000,5220739.727," (93,739.73)"
346,7197,7872,11113,1060,1273,Open,CAT B,860,5750000,5234362.414," 515,637.59 "
347,9119,11639,14374,1633,1968,Open,CAT C,330,8147000,5053447.129," 3,093,552.87 "
348,9375,9562,12062,1222,1473,Not Provided,CAT A,630,4957000,6976778.044," (2,019,778.04)"
349,12946,11622,15214,1619,1957,Open,CAT B,1280,4558000,5917485.516," (1,359,485.52)"
350,10948,11622,14879,1624,1973,No Parking,CAT C,1440,4466000,4771363.285," (305,363.29)"
351,5790,14387,9654,1887,2278,Open,CAT A,570,7624000,7467073.386," 156,926.61 "
352,9107,9300,17103,1320,1583,Not Provided,CAT B,540,4372000,5636017.645," (1,264,017.65)"
353,11198,10781,16789,1450,1750,Open,CAT C,480,4670000,5109440.655," (439,440.66)"
354,8278,16251,13857,1455,1764,Covered,CAT A,390,8469000,7730486.155," 738,513.84 "
355,7364,7633,12153,966,1172,Not Provided,CAT A,900,8547000,6810470.105," 1,736,529.89 "
356,8692,9271,12352,1922,2290,Open,CAT A,290,8041000,7691515.501," 349,484.50 "
357,8256,16042,16071,1678,1999,Not Provided,CAT C,740,4665000,4990267.244," (325,267.24)"
358,11986,17552,19014,1638,1952,Not Provided,CAT A,690,8184000,7775384.514," 408,615.49 "
360,4604,5839,7428,1145,1375,Open,CAT A,950,6359000,6799758.275," (440,758.27)"
362,4846,6375,9920,2004,2390,Open,CAT B,930,5013000,5783814.448," (770,814.45)"
363,15321,11916,16620,1954,2378,Covered,CAT C,810,4582000,5680322.975," (1,098,322.98)"
364,7618,7083,10051,1577,1879,Covered,CAT A,760,8671000,7529735.961," 1,141,264.04 "
365,9666,10668,16002,1766,2138,Open,CAT B,580,4998000,6075512.381," (1,077,512.38)"
366,7318,9441,12192,1362,1634,Not Provided,CAT A,770,8294000,7081105.435," 1,212,894.56 "
367,8927,10229,13380,1886,2228,Open,CAT C,1530,4035000,5150527.642," (1,115,527.64)"
368,8197,14389,13108,1291,1546,Open,CAT A,420,9395000,7321160.228," 2,073,839.77 "
369,6276,10973,13016,1584,1897,Not Provided,CAT C,1210,4731000,4699368.507," 31,631.49 "
371,9410,12397,15927,1445,1709,Open,CAT A,1340,6218000,7635062.01," (1,417,062.01)"
372,7047,9529,14945,1433,1707,Not Provided,CAT B,1160,6146000,5551822.909," 594,177.09 "
373,7788,10946,14208,1269,1511,Open,CAT C,500,5436000,4794995.75," 641,004.25 "
374,7373,8907,11449,1798,2134,Covered,CAT A,820,7205000,7783188.518," (578,188.52)"
375,9415,12467,12841,1514,1822,Covered,CAT C,670,4809000,5101617.49," (292,617.49)"
377,604,6231,4922,1495,1799,Open,CAT B,950,5716000,5067743.383," 648,256.62 "
378,12898,12966,15635,1759,2095,Open,CAT C,980,3419000,5232475.581," (1,813,475.58)"
379,6153,10234,10502,1219,1468,Covered,CAT B,850,3560000,5539099.859," (1,979,099.86)"
380,7281,8521,13216,1571,1877,Open,CAT B,580,5467000,5736346.546," (269,346.55)"
381,8475,14837,13124,1404,1670,Open,CAT A,620,7673000,7398749.48," 274,250.52 "
383,9913,12642,15044,1124,1369,No Parking,CAT B,650,6354000,5256588.294," 1,097,411.71 "
384,6650,6080,10017,1514,1837,Open,CAT B,1130,3669000,5459747.127," (1,790,747.13)"
385,10027,11992,15660,1207,1476,Open,CAT A,720,8737000,7454282.233," 1,282,717.77 "
386,5558,8275,10846,1484,1774,No Parking,CAT A,940,5980000,6969733.619," (989,733.62)"
387,5162,6611,9842,1398,1678,No Parking,CAT B,920,4803000,5054717.267," (251,717.27)"
388,8283,14385,15540,1769,2112,Open,CAT A,660,9665000,7825316.683," 1,839,683.32 "
389,6469,10114,11295,1111,1322,Not Provided,CAT A,610,6550000,6844653.318," (294,653.32)"
390,7754,9915,9861,1078,1305,Covered,CAT A,1190,5553000,7178225.93," (1,625,225.93)"
393,5944,7143,12384,1940,2343,Covered,CAT A,1130,8469000,7948774.311," 520,225.69 "
394,3132,8369,8805,1391,1683,Open,CAT B,890,6839000,5286393.421," 1,552,606.58 "
395,7508,10841,11927,1496,1774,Not Provided,CAT A,810,7549000,7151981.29," 397,018.71 "
396,3772,6427,10119,1412,1699,Open,CAT B,680,3920000,5398376.187," (1,478,376.19)"
397,12545,14209,16889,1121,1345,No Parking,CAT A,320,8567000,7174017.572," 1,392,982.43 "
398,12012,8507,12364,1691,2026,Open,CAT C,700,6053000,4943081.062," 1,109,918.94 "
399,11605,12579,16088,1599,1946,Open,CAT B,940,7809000,5969004.679," 1,839,995.32 "
401,9154,12441,14070,1208,1467,Not Provided,CAT B,910,5072000,5334586.412," (262,586.41)"
403,8044,14513,15360,1555,1881,Covered,CAT A,1260,9136000,7909945.249," 1,226,054.75 "
404,7317,7638,13712,1554,1852,Open,CAT B,440,4812000,5761764.114," (949,764.11)"
405,6860,12712,12638,1491,1800,Not Provided,CAT A,980,7562000,7201511.777," 360,488.22 "
406,7270,9499,11654,1415,1697,Open,CAT B,1200,3942000,5514635.573," (1,572,635.57)"
407,6832,13517,9360,1487,1801,Open,CAT B,890,5113000,5392600.2," (279,600.20)"
408,6830,12550,12612,1339,1589,Not Provided,CAT C,1050,3389000,4503660.856," (1,114,660.86)"
409,7823,9200,13495,1320,1562,Covered,CAT A,610,8717000,7612274.335," 1,104,725.66 "
410,8773,13547,15551,1509,1799,No Parking,CAT A,960,3860000,7336771.038," (3,476,771.04)"
411,6947,9487,10385,1406,1680,Not Provided,CAT A,860,6098000,6976380.843," (878,380.84)"
412,7083,7275,10474,1264,1502,Open,CAT A,800,7941000,7106889.591," 834,110.41 "
413,10057,8292,13595,1905,2280,Open,CAT B,1060,8235000,5990366.08," 2,244,633.92 "
414,7214,13739,13314,1209,1464,Covered,CAT C,600,3674000,4930608.513," (1,256,608.51)"
417,9259,8471,12891,1153,1381,No Parking,CAT B,730,5327000,5115973.789," 211,026.21 "
418,11445,5955,13648,2063,2493,Covered,CAT C,810,5148000,5532847.892," (384,847.89)"
419,6650,8409,12131,1848,2254,Open,CAT B,1000,5997000,5842881.297," 154,118.70 "
420,6858,12850,12287,1718,2056,Covered,CAT A,1220,8360000,7791463.033," 568,536.97 "
421,11309,8252,13199,1480,1773,Covered,CAT B,360,6302000,5916264.695," 385,735.30 "
422,5727,5902,10754,1439,1724,Not Provided,CAT A,900,5092000,7026152.046," (1,934,152.05)"
423,9328,13093,12841,1576,1896,Not Provided,CAT B,750,5645000,5491929.533," 153,070.47 "
424,4049,4402,8614,1948,2374,Open,CAT A,930,8954000,7430920.728," 1,523,079.27 "
425,5440,12550,11734,1613,1893,Not Provided,CAT C,1180,4603000,4623571.782," (20,571.78)"
427,12977,12302,16496,896,1059,Open,CAT A,870,7511000,7306230.305," 204,769.69 "
428,11246,10333,13997,1625,1943,Not Provided,CAT A,680,7452000,7393241.908," 58,758.09 "
429,16233,15074,18566,1303,1587,No Parking,CAT A,1310,10231000,7421865.008," 2,809,134.99 "
430,6824,6352,8577,1340,1605,Not Provided,CAT B,1000,5340000,5015054.565," 324,945.44 "
431,4127,8367,9533,1410,1704,Open,CAT B,1130,5976000,5353415.253," 622,584.75 "
432,6214,14164,14555,1432,1719,Covered,CAT B,990,4954000,5984722.55," (1,030,722.55)"
433,12322,10530,16409,1891,2280,Covered,CAT C,360,5156000,5622026.957," (466,026.96)"
434,5389,10389,11111,1322,1583,Open,CAT A,720,4951000,7193507.065," (2,242,507.06)"
435,5900,10980,12617,1378,1670,Covered,CAT C,950,5861000,4992999.213," 868,000.79 "
436,11537,13214,17191,1462,1732,Not Provided,CAT A,840,6826000,7520728.661," (694,728.66)"
437,12794,17541,20046,1440,1733,No Parking,CAT A,1120,6531000,7624627.956," (1,093,627.96)"
438,9405,12156,15118,1421,1724,Covered,CAT A,920,5209000,7801339.641," (2,592,339.64)"
439,5508,7881,10157,1280,1530,Open,CAT C,1240,4386000,4500966.847," (114,966.85)"
440,13275,9872,15303,1431,1710,Covered,CAT A,840,7417000,7821867.843," (404,867.84)"
442,7807,9674,12678,1161,1404,Covered,CAT C,430,5838000,4850826.392," 987,173.61 "
443,8634,11628,12786,1175,1405,Open,CAT A,810,9120000,7218770.892," 1,901,229.11 "
444,11031,12462,13010,1395,1662,Open,CAT A,920,9094000,7384181.025," 1,709,818.97 "
445,6266,13767,12066,1443,1755,Not Provided,CAT C,880,4933000,4533342.543," 399,657.46 "
446,5359,8372,11239,1247,1523,Open,CAT C,1350,5350000,4559175.666," 790,824.33 "
447,9569,10441,12905,1788,2133,Open,CAT B,1000,5459000,5859914.952," (400,914.95)"
448,6465,10915,10058,1138,1375,Not Provided,CAT B,1220,5745000,4988696.221," 756,303.78 "
449,10068,10816,13429,1709,2042,Open,CAT C,430,3324000,5034505.551," (1,710,505.55)"
450,5499,10606,10603,1777,2145,Covered,CAT A,520,8079000,7706033.216," 372,966.78 "
451,8395,12601,13089,1612,1918,Covered,CAT B,580,6100000,5997323.1," 102,676.90 "
452,9204,10843,14663,1618,1943,Open,CAT B,460,4762000,5875805.293," (1,113,805.29)"
453,6885,7314,10673,1311,1571,No Parking,CAT B,470,7209000,5057738.203," 2,151,261.80 "
454,5728,10253,11216,1365,1638,Covered,CAT A,680,10292000,7473100.702," 2,818,899.30 "
455,6669,11500,11948,1249,1503,Open,CAT A,950,6197000,7206439.816," (1,009,439.82)"
456,4846,9003,10135,1373,1635,No Parking,CAT A,840,6104000,6841776.282," (737,776.28)"
457,8850,10060,11765,1536,1836,Not Provided,CAT B,990,5206000,5384812.392," (178,812.39)"
458,12862,12087,17686,1744,2101,No Parking,CAT A,520,6957000,7654534.719," (697,534.72)"
459,13925,14473,17746,1513,1820,Open,CAT B,520,6602000,6034245.111," 567,754.89 "
460,11082,12407,14913,1297,1561,Not Provided,CAT B,1070,4000000,5457492.823," (1,457,492.82)"
461,3971,7129,5913,1908,2304,Open,CAT A,990,7950000,7202874.892," 747,125.11 "
462,7136,8734,9830,1721,2076,No Parking,CAT A,710,7630000,7054359.448," 575,640.55 "
463,6736,13652,12823,1243,1491,Open,CAT A,430,6903000,7267498.705," (364,498.71)"
464,10701,15780,15366,1472,1766,Open,CAT B,1290,5714000,5829411.25," (115,411.25)"
465,9089,14320,13391,1307,1570,Not Provided,CAT B,1080,4171000,5350990.083," (1,179,990.08)"
466,7753,8307,13508,1628,1959,Not Provided,CAT C,890,7148000,4765730.11," 2,382,269.89 "
468,9393,11121,12596,1179,1428,Open,CAT A,1290,7457000,7207335.911," 249,664.09 "
469,10272,8355,13586,1768,2123,Not Provided,CAT B,860,4959000,5677180.647," (718,180.65)"
470,7265,12325,12060,1378,1656,Open,CAT A,1010,7317000,7301990.66," 15,009.34 "
471,7457,12005,13976,1685,2015,Open,CAT A,1160,7922000,7652135.609," 269,864.39 "
472,6475,8198,9766,1474,1759,Open,CAT A,880,7588000,7196181.533," 391,818.47 "
473,8032,7922,9846,1794,2137,No Parking,CAT B,670,6761000,5322747.979," 1,438,252.02 "
474,10709,10849,17155,1086,1291,Covered,CAT A,930,6909000,7726437.075," (817,437.08)"
475,4783,11103,9602,1808,2154,Open,CAT C,990,3522000,4816642.435," (1,294,642.43)"
476,5381,5177,8992,1501,1790,Not Provided,CAT B,450,5394000,5154788.952," 239,211.05 "
477,5258,9505,8580,1353,1598,No Parking,CAT B,690,5666000,4930377.974," 735,622.03 "
478,8799,10559,14496,1455,1757,No Parking,CAT A,650,6752000,7221751.358," (469,751.36)"
479,10063,10671,14466,1165,1411,Not Provided,CAT C,1020,3862000,4523990.918," (661,990.92)"
481,11238,14329,15943,1332,1610,Open,CAT C,880,3889000,4966704.279," (1,077,704.28)"
482,6284,11514,11302,1396,1668,Covered,CAT A,760,7927000,7500459.52," 426,540.48 "
483,6855,11349,11719,1513,1821,Open,CAT C,690,4288000,4774737.023," (486,737.02)"
484,9914,11558,16360,1618,1940,Covered,CAT C,630,4424000,5433806.955," (1,009,806.96)"
485,7971,8165,12202,1845,2233,No Parking,CAT B,370,4319000,5532556.751," (1,213,556.75)"
487,5845,5999,10472,1172,1411,No Parking,CAT A,460,7455000,6730960.232," 724,039.77 "
489,9881,12215,14248,1436,1737,Covered,CAT B,770,5709000,5964580.703," (255,580.70)"
490,7132,9530,11594,1738,2065,No Parking,CAT B,750,5648000,5414968.807," 233,031.19 "
491,6063,8269,10928,2229,2667,Covered,CAT A,660,8741000,8035813.234," 705,186.77 "
492,11487,12958,17196,1490,1783,Open,CAT A,730,8137000,7759922.227," 377,077.77 "
493,11888,15672,16427,1060,1279,Open,CAT A,670,9736000,7411974.827," 2,324,025.17 "
494,3553,6062,7649,2015,2436,Covered,CAT B,680,7796000,5864956.737," 1,931,043.26 "
495,9590,10173,13574,1611,1919,Covered,CAT A,960,7124000,7814896.55," (690,896.55)"
496,11139,14537,17452,1187,1417,Open,CAT C,1230,5894000,4980966.962," 913,033.04 "
497,12787,12142,15454,1430,1690,Open,CAT A,800,7895000,7589721.055," 305,278.95 "
498,8193,12666,14844,1543,1840,Covered,CAT C,450,3638000,5270282.771," (1,632,282.77)"
499,10452,10978,16079,1836,2195,Not Provided,CAT C,940,4516000,5097685.364," (581,685.36)"
500,9337,9865,11171,1463,1764,Covered,CAT B,1060,6905000,5753852.095," 1,151,147.90 "
501,7531,15408,14394,1213,1462,Covered,CAT B,560,5683000,5824676.822," (141,676.82)"
502,8558,13467,15079,1244,1480,Open,CAT A,860,9353000,7436061.035," 1,916,938.96 "
504,7905,10054,15182,1745,2108,Covered,CAT B,730,4692000,6242999.698," (1,550,999.70)"
505,5044,9458,12063,933,1121,Open,CAT A,940,5599000,7001352.289," (1,402,352.29)"
506,8346,11640,12725,1764,2132,Covered,CAT C,920,4084000,5262008.426," (1,178,008.43)"
507,5464,7752,11406,1675,2002,Open,CAT B,1050,6499000,5671964.313," 827,035.69 "
508,7678,14228,14778,1688,2046,Open,CAT B,380,5355000,5931689.872," (576,689.87)"
509,7205,9682,13179,1842,2204,No Parking,CAT C,930,5132000,4792241.658," 339,758.34 "
510,8344,8916,11192,1316,1597,Not Provided,CAT C,980,3656000,4382437.631," (726,437.63)"
511,6049,11589,10343,1440,1719,Covered,CAT B,580,6605000,5676684.123," 928,315.88 "
512,10814,14071,17512,1760,2111,No Parking,CAT C,680,5240000,5059253.699," 180,746.30 "
514,2992,5718,5446,1230,1466,Open,CAT C,730,6710000,4116580.584," 2,593,419.42 "
515,9363,13333,14529,1540,1838,Open,CAT C,570,4371000,5002105.167," (631,105.17)"
516,8865,8515,12294,1167,1388,No Parking,CAT B,620,3860000,5081011.757," (1,221,011.76)"
517,7127,8762,10749,1429,1695,Covered,CAT B,890,5389000,5699460.663," (310,460.66)"
518,10670,10435,16607,1491,1770,Not Provided,CAT C,800,5261000,4903725.617," 357,274.38 "
519,9172,14024,12540,1313,1574,Open,CAT B,920,4313000,5511608.077," (1,198,608.08)"
520,9800,9133,13657,1609,1943,Open,CAT B,920,4030000,5794856.288," (1,764,856.29)"
521,7998,12742,13303,1109,1342,Not Provided,CAT B,760,4975000,5210574.809," (235,574.81)"
522,4068,7624,6764,1207,1440,No Parking,CAT B,500,4384000,4696525.851," (312,525.85)"
523,10531,11054,15189,902,1087,Not Provided,CAT A,680,5682000,6993132.128," (1,311,132.13)"
524,8588,13937,8728,1191,1422,Open,CAT C,770,3635000,4334451.689," (699,451.69)"
525,9074,7556,12666,1335,1601,Open,CAT B,460,5082000,5535858.759," (453,858.76)"
526,7073,14107,14781,1382,1660,No Parking,CAT A,1070,8372000,7193605.562," 1,178,394.44 "
527,2756,5325,6808,1588,1906,Not Provided,CAT B,450,4697000,5051080.925," (354,080.93)"
528,6756,5976,9051,1918,2284,No Parking,CAT B,310,7802000,5347421.54," 2,454,578.46 "
529,7360,8950,13140,1484,1774,Not Provided,CAT B,880,4508000,5451979.807," (943,979.81)"
530,6934,14287,12528,1334,1607,No Parking,CAT C,370,5516000,4400340.245," 1,115,659.75 "
531,6569,13470,12541,1556,1846,No Parking,CAT A,760,7202000,7144550.284," 57,449.72 "
532,6979,10242,10270,1784,2142,Covered,CAT B,950,6401000,5903827.811," 497,172.19 "
534,6750,11495,13016,1496,1787,Open,CAT C,800,5807000,4859763.135," 947,236.87 "
535,10320,11719,14343,1719,2058,Covered,CAT B,700,5176000,6162984.852," (986,984.85)"
536,8590,11229,12737,1678,2022,Open,CAT B,1050,6605000,5773042.497," 831,957.50 "
537,5991,12588,12015,1247,1490,Open,CAT B,330,6575000,5427916.633," 1,147,083.37 "
538,7056,10860,12856,1191,1421,Covered,CAT B,980,6582000,5695348.406," 886,651.59 "
539,7765,7313,10302,1832,2208,Covered,CAT B,1090,4676000,5938661.666," (1,262,661.67)"
540,7894,11648,10009,1271,1523,Not Provided,CAT A,1140,5094000,6857127.176," (1,763,127.18)"
541,11999,12241,14575,1735,2084,Open,CAT A,820,5644000,7730516.463," (2,086,516.46)"
543,6493,14696,14315,1351,1616,Covered,CAT B,650,6277000,5912098.735," 364,901.26 "
544,7669,10444,12941,1520,1817,Open,CAT A,850,6360000,7463557.899," (1,103,557.90)"
545,4116,11266,11661,1490,1788,Covered,CAT C,360,4584000,4997578.408," (413,578.41)"
547,9089,9503,13179,1777,2117,Not Provided,CAT B,780,3828000,5652977.502," (1,824,977.50)"
548,7996,6753,9959,1688,2037,Covered,CAT B,590,5096000,5815778.94," (719,778.94)"
549,9916,12241,15485,1537,1836,No Parking,CAT C,670,3948000,4757640.248," (809,640.25)"
550,10340,14340,17721,1622,1968,Covered,CAT C,340,6961000,5537793.762," 1,423,206.24 "
551,6514,11008,11301,1148,1384,Open,CAT B,730,4780000,5307849.165," (527,849.16)"
553,8230,10705,11862,1001,1194,Covered,CAT C,1210,4489000,4681926.618," (192,926.62)"
554,16850,15553,22407,1857,2236,No Parking,CAT A,1280,6742000,8082259.052," (1,340,259.05)"
555,11014,10848,14405,1552,1869,Open,CAT A,710,7887000,7594140.343," 292,859.66 "
556,8917,9699,11425,1700,2064,Not Provided,CAT A,940,7031000,7252546.707," (221,546.71)"
557,9927,11760,12555,1554,1844,Not Provided,CAT C,670,3853000,4644779.16," (791,779.16)"
558,9059,11486,11984,1482,1777,Open,CAT A,800,7757000,7366648.646," 390,351.35 "
559,14005,9744,17121,1275,1517,Covered,CAT B,790,5992000,6069531.574," (77,531.57)"
560,6427,13284,13775,1642,1981,Open,CAT C,720,5445000,5014955.793," 430,044.21 "
561,6440,10689,13561,1381,1633,Not Provided,CAT C,1270,5025000,4602679.142," 422,320.86 "
563,5579,11928,11294,1057,1262,Open,CAT C,1490,3542000,4434810.865," (892,810.86)"
564,5876,13703,7564,1192,1445,Covered,CAT B,810,4347000,5302206.254," (955,206.25)"
565,11812,13363,17040,1601,1920,No Parking,CAT C,600,6100000,4916629.692," 1,183,370.31 "
566,10881,13649,15717,1622,1968,Not Provided,CAT A,210,6478000,7519211.999," (1,041,212.00)"
568,2314,8933,8231,1607,1909,Open,CAT C,460,3903000,4578721.024," (675,721.02)"
569,9559,9796,13278,2214,2647,Open,CAT B,740,6590000,6175688.586," 414,311.41 "
570,4113,12277,10937,1633,1936,Open,CAT B,1320,4605000,5608666.503," (1,003,666.50)"
571,8836,10580,14360,1546,1845,No Parking,CAT B,760,5907000,5490998.089," 416,001.91 "
572,9281,8825,11191,1475,1753,Not Provided,CAT B,920,4467000,5300854.95," (833,854.95)"
573,10724,14028,16129,1270,1519,Not Provided,CAT A,920,5839000,7311887.149," (1,472,887.15)"
574,9109,10436,11963,1185,1420,Open,CAT A,880,8037000,7164286.094," 872,713.91 "
575,9684,11953,15162,1614,1938,Open,CAT B,1110,5323000,5910235.331," (587,235.33)"
576,8363,11994,12873,1141,1353,Open,CAT A,1370,7200000,7202258.047," (2,258.05)"
577,9021,11522,13615,1244,1481,Open,CAT A,410,8404000,7327113.584," 1,076,886.42 "
578,7175,5750,12044,869,1050,Not Provided,CAT B,850,5254000,4954620.528," 299,379.47 "
579,11897,12621,15693,2049,2465,Not Provided,CAT B,720,6351000,6023960.937," 327,039.06 "
580,5266,6740,8531,1883,2262,No Parking,CAT B,570,4224000,5285061.084," (1,061,061.08)"
581,9547,11233,13642,1526,1842,Open,CAT C,690,3958000,4926631.395," (968,631.39)"
582,5277,9221,9414,1165,1390,No Parking,CAT B,1220,5461000,4865336.716," 595,663.28 "
583,10453,11981,14868,1832,2185,Open,CAT A,840,8733000,7817901.91," 915,098.09 "
584,6736,14813,14125,1723,2072,Covered,CAT A,560,8841000,7931623.156," 909,376.84 "
585,1648,4950,6583,932,1138,Open,CAT B,820,8976000,4810710.451," 4,165,289.55 "
586,3784,10365,9878,1137,1374,Covered,CAT A,700,10178000,7219380.549," 2,958,619.45 "
587,11335,12652,15503,1231,1472,Open,CAT B,810,7029000,5676667.927," 1,352,332.07 "
588,11826,16146,16532,1237,1512,Covered,CAT A,1070,8821000,7782164.999," 1,038,835.00 "
589,10961,17111,15477,1371,1650,Covered,CAT A,540,8716000,7794250.904," 921,749.10 "
590,7570,8829,12505,1767,2158,Open,CAT B,530,4154000,5815949.925," (1,661,949.92)"
591,5738,8270,10242,1748,2092,Open,CAT B,580,4917000,5634696.988," (717,696.99)"
592,6237,10793,12774,1212,1440,Open,CAT B,500,6395000,5460736.361," 934,263.64 "
593,8081,9852,14028,1466,1743,Covered,CAT A,1200,7081000,7750648.603," (669,648.60)"
594,6344,9442,14746,1152,1386,Open,CAT B,980,4959000,5566922.37," (607,922.37)"
595,11139,11743,15206,1439,1703,Open,CAT B,1000,6729000,5795193.338," 933,806.66 "
597,7284,11172,13742,2026,2400,Not Provided,CAT C,720,5124000,5052229.07," 71,770.93 "
598,6270,11440,9163,1772,2146,Open,CAT B,1030,4854000,5570626.58," (716,626.58)"
599,2017,8473,9077,1511,1822,Open,CAT B,420,7241000,5387766.248," 1,853,233.75 "
600,5908,10764,11187,1199,1461,Not Provided,CAT B,1070,5437000,5113955.463," 323,044.54 "
601,8655,10639,14020,1834,2184,Covered,CAT A,830,9446000,7998855.684," 1,447,144.32 "
602,13070,16770,19497,1143,1375,No Parking,CAT A,940,8516000,7382972.881," 1,133,027.12 "
603,7348,6714,10920,1494,1794,Covered,CAT C,550,5213000,4945139.298," 267,860.70 "
604,12951,12503,15166,1770,2131,Not Provided,CAT B,1140,5465000,5796112.734," (331,112.73)"
605,5212,9235,9335,1455,1747,Open,CAT A,750,6932000,7151261.745," (219,261.74)"
606,6177,6009,9642,1141,1372,Not Provided,CAT B,620,5148000,4959766.756," 188,233.24 "
607,9374,13102,13706,1586,1886,Covered,CAT C,660,5006000,5214667.498," (208,667.50)"
608,6967,12104,11007,1701,2034,No Parking,CAT A,660,6218000,7128427.16," (910,427.16)"
609,10314,12431,12349,1860,2246,Open,CAT A,410,7978000,7649374.449," 328,625.55 "
610,3543,7722,8175,1167,1406,Open,CAT C,440,4286000,4277072.479," 8,927.52 "
611,3685,6787,8033,1424,1716,Open,CAT B,630,5441000,5251254.075," 189,745.92 "
612,12580,14692,17517,1710,2053,Open,CAT B,730,6939000,6150393.894," 788,606.11 "
613,8176,12223,14233,1408,1708,Not Provided,CAT B,220,4281000,5481935.198," (1,200,935.20)"
615,7002,8425,11450,1227,1476,Not Provided,CAT B,720,5626000,5152457.926," 473,542.07 "
616,8272,8092,12626,1609,1930,Open,CAT B,740,7647000,5718131.682," 1,928,868.32 "
617,9726,11935,15318,1553,1831,No Parking,CAT C,740,3568000,4756029.996," (1,188,030.00)"
618,5572,13280,11351,1814,2174,Open,CAT A,770,9007000,7544005.323," 1,462,994.68 "
619,10440,11464,15648,1240,1493,Open,CAT B,590,3312000,5693543.329," (2,381,543.33)"
620,5189,9059,10863,1206,1437,No Parking,CAT A,1330,5406000,6783044.716," (1,377,044.72)"
621,9935,15807,18595,1847,2186,Not Provided,CAT B,910,7512000,6103350.085," 1,408,649.91 "
622,7300,12541,13715,1009,1202,No Parking,CAT C,330,4160000,4268943.605," (108,943.61)"
624,10773,12323,16823,1612,1931,Open,CAT B,790,6006000,6032490.873," (26,490.87)"
625,11124,8732,14790,1498,1805,Open,CAT A,1270,8227000,7586282.091," 640,717.91 "
627,8270,14406,15231,1563,1872,No Parking,CAT A,1080,6842000,7349466.439," (507,466.44)"
628,5985,12402,11559,1664,2016,Open,CAT B,830,5913000,5675913.186," 237,086.81 "
629,4955,12586,14979,1619,1947,Covered,CAT A,910,7433000,7924862.107," (491,862.11)"
630,9188,13997,14768,1433,1722,Open,CAT A,830,7708000,7540698.822," 167,301.18 "
631,11801,11283,14728,1241,1489,Not Provided,CAT A,1380,7625000,7188021.297," 436,978.70 "
632,9006,13952,14368,1429,1720,Open,CAT A,1180,5954000,7508227.385," (1,554,227.38)"
633,9667,12214,14277,1241,1488,Not Provided,CAT A,770,5469000,7154458.934," (1,685,458.93)"
634,3605,11017,12447,1078,1306,Not Provided,CAT A,680,8436000,6908071.373," 1,527,928.63 "
635,8846,11995,12883,1690,2065,Not Provided,CAT B,910,5142000,5572129.738," (430,129.74)"
636,6976,13119,13556,1289,1536,No Parking,CAT A,540,6512000,7039567.232," (527,567.23)"
637,8050,11347,13218,1581,1894,No Parking,CAT C,760,4938000,4618683.533," 319,316.47 "
638,5760,8577,9947,1608,1945,Not Provided,CAT B,760,3783000,5298199.824," (1,515,199.82)"
639,11209,10016,14328,1344,1608,Open,CAT C,730,3598000,4854632.884," (1,256,632.88)"
640,7739,13750,14696,1513,1804,Not Provided,CAT A,430,6919000,7369537.375," (450,537.37)"
641,5761,7680,10875,1529,1839,Open,CAT B,1000,5059000,5533738.881," (474,738.88)"
642,3702,7220,12065,1677,2014,Open,CAT A,660,6080000,7504514.716," (1,424,514.72)"
644,7804,14219,12142,1438,1751,Open,CAT A,760,7779000,7348658.52," 430,341.48 "
645,8283,11709,15284,1426,1718,No Parking,CAT C,370,4757000,4667635.916," 89,364.08 "
646,8451,11465,12406,1412,1701,Not Provided,CAT A,630,6913000,7130835.491," (217,835.49)"
647,6666,10531,12005,1622,1944,Covered,CAT A,360,7597000,7705572.274," (108,572.27)"
648,12337,13653,15193,1503,1791,Open,CAT C,630,6835000,5026503.031," 1,808,496.97 "
649,7188,12268,12783,1501,1789,Open,CAT C,670,4168000,4845804.288," (677,804.29)"
650,10632,14276,13109,1971,2342,Covered,CAT B,690,8656000,6241529.033," 2,414,470.97 "
651,11310,12783,15627,1383,1687,Open,CAT A,830,8139000,7570818.913," 568,181.09 "
652,6745,5772,9747,1371,1635,Covered,CAT A,720,5073000,7367837.724," (2,294,837.72)"
653,8645,10897,15845,1508,1823,No Parking,CAT A,520,7129000,7357973.736," (228,973.74)"
654,6714,7862,10067,1057,1284,Open,CAT A,750,7011000,6936650.242," 74,349.76 "
655,8351,11696,13422,1411,1680,Covered,CAT A,1070,6159000,7668366.358," (1,509,366.36)"
656,7673,12311,13146,1466,1746,Covered,CAT C,590,6937000,5091862.385," 1,845,137.61 "
657,9792,10755,15681,1545,1888,Covered,CAT B,600,6711000,6144915.402," 566,084.60 "
658,11255,9174,16617,2044,2408,Not Provided,CAT B,380,8202000,6089342.385," 2,112,657.62 "
659,8148,12093,13164,1887,2264,Not Provided,CAT C,830,6205000,4915238.662," 1,289,761.34 "
660,8168,15365,15215,1505,1836,Open,CAT C,940,6173000,5029492.406," 1,143,507.59 "
661,9545,9831,12811,1422,1722,Open,CAT C,560,5866000,4794476.593," 1,071,523.41 "
662,7550,11193,13279,1564,1869,Covered,CAT B,1030,5337000,5979009.965," (642,009.97)"
663,8707,14403,13703,1510,1810,No Parking,CAT C,730,3970000,4606773.456," (636,773.46)"
664,5632,9765,9859,1568,1920,Not Provided,CAT C,890,5375000,4453614.464," 921,385.54 "
665,4778,9811,11385,1933,2338,Not Provided,CAT B,1140,4473000,5624942.816," (1,151,942.82)"
666,5222,8952,11776,1501,1822,No Parking,CAT B,590,4935000,5268278.652," (333,278.65)"
667,10014,11682,13425,1593,1911,Open,CAT B,580,4334000,5766773.895," (1,432,773.89)"
668,14637,15127,14763,1812,2189,No Parking,CAT A,310,7809000,7482986.266," 326,013.73 "
669,7903,7881,11860,1580,1895,Open,CAT B,720,5495000,5641521.044," (146,521.04)"
670,12359,13926,15304,1440,1749,Not Provided,CAT A,490,7553000,7365428.482," 187,571.52 "
671,9751,10544,12888,1100,1331,No Parking,CAT B,1010,5733000,5079917.579," 653,082.42 "
672,5947,8114,11272,1534,1841,Covered,CAT A,680,8793000,7591527.899," 1,201,472.10 "
673,10809,12539,15552,1299,1555,Not Provided,CAT B,1020,5685000,5506397.893," 178,602.11 "
674,12389,12020,17056,1767,2121,No Parking,CAT A,1050,7843000,7623201.746," 219,798.25 "
675,5598,12246,10900,1368,1649,Not Provided,CAT B,740,6366000,5206857.403," 1,159,142.60 "
676,5539,13503,11421,1393,1670,Covered,CAT A,410,6296000,7507286.941," (1,211,286.94)"
677,10370,11615,14419,1327,1590,Open,CAT A,770,8187000,7443061.145," 743,938.86 "
678,8128,14461,15753,1514,1794,Covered,CAT B,1400,5482000,6129314.574," (647,314.57)"
680,9823,13861,14579,1334,1584,Not Provided,CAT B,840,5720000,5457652.786," 262,347.21 "
681,5351,6435,12231,1533,1817,Covered,CAT A,950,8436000,7662218.339," 773,781.66 "
682,6685,10345,8646,1809,2145,Not Provided,CAT B,940,3653000,5337277.253," (1,684,277.25)"
683,9329,11050,12306,1607,1933,Not Provided,CAT A,930,8126000,7255231.965," 870,768.04 "
684,13823,16489,17178,1165,1387,Not Provided,CAT A,1060,8235000,7318961.45," 916,038.55 "
685,7431,11293,10991,1193,1430,Covered,CAT A,560,8083000,7340068.641," 742,931.36 "
687,9420,13980,13290,1525,1839,No Parking,CAT B,540,5131000,5397173.231," (266,173.23)"
688,7846,7486,12195,1348,1623,No Parking,CAT A,1010,7294000,6978174.319," 315,825.68 "
690,5038,14034,11450,1132,1366,Covered,CAT B,1340,5245000,5550827.661," (305,827.66)"
691,5059,7402,10629,1667,2020,Not Provided,CAT A,980,6607000,7170999.165," (563,999.16)"
692,8012,5276,11844,1427,1720,No Parking,CAT B,630,4319000,5223308.131," (904,308.13)"
693,4079,8940,9831,1211,1447,Open,CAT B,1110,4073000,5241049.101," (1,168,049.10)"
694,8406,12039,13144,1717,2048,Not Provided,CAT A,700,7853000,7391964.251," 461,035.75 "
695,7408,9188,12475,1766,2111,No Parking,CAT A,580,9469000,7281618.362," 2,187,381.64 "
696,7468,16525,15383,1086,1299,No Parking,CAT B,1050,4440000,5256124.326," (816,124.33)"
697,10985,13935,16737,1410,1692,Open,CAT A,790,7380000,7671677.039," (291,677.04)"
698,5481,13129,12275,1476,1760,Not Provided,CAT B,600,3739000,5382199.785," (1,643,199.78)"
699,6750,10899,11479,1068,1278,Open,CAT A,440,6412000,7049165.004," (637,165.00)"
700,5874,10389,8292,1485,1785,Not Provided,CAT A,1340,6616000,6874036.075," (258,036.07)"
702,3844,9029,8292,1685,2010,Open,CAT C,990,6238000,4635995.798," 1,602,004.20 "
703,9209,10610,13222,1624,1958,Open,CAT A,290,6385000,7554782.989," (1,169,782.99)"
704,7290,8691,10953,1658,2000,Not Provided,CAT C,350,3621000,4595875.8," (974,875.80)"
705,8729,9922,11314,1427,1677,Not Provided,CAT B,210,5459000,5277555.832," 181,444.17 "
706,8861,10181,15112,1755,2072,No Parking,CAT B,810,6961000,5688263.717," 1,272,736.28 "
707,6497,12467,12711,1211,1472,Open,CAT B,790,6539000,5455371.955," 1,083,628.04 "
708,4697,6004,10759,1591,1896,Open,CAT A,780,7813000,7349181.211," 463,818.79 "
709,8503,6922,10746,1797,2126,Open,CAT B,730,5571000,5705332.071," (134,332.07)"
710,12135,10244,15410,1519,1823,Open,CAT A,1040,6921000,7646619.003," (725,619.00)"
711,8510,10041,13369,1637,1958,Open,CAT A,760,5994000,7574511.601," (1,580,511.60)"
712,9597,10662,11556,1451,1750,Not Provided,CAT A,570,7255000,7093948.13," 161,051.87 "
713,9175,11210,14991,1203,1446,Open,CAT B,620,4426000,5619635.467," (1,193,635.47)"
714,5640,8331,12309,1884,2262,Open,CAT A,310,5691000,7662623.987," (1,971,623.99)"
715,11607,14783,16502,1540,1820,Not Provided,CAT B,310,8239000,5740033.211," 2,498,966.79 "
716,7384,9611,9463,1121,1332,Not Provided,CAT A,790,5459000,6715081.104," (1,256,081.10)"
717,10847,12430,15104,1307,1562,No Parking,CAT A,490,6999000,7166935.45," (167,935.45)"
718,4984,9442,11597,1475,1775,Covered,CAT B,230,7274000,5793667.14," 1,480,332.86 "
719,5171,10686,12522,1160,1401,Open,CAT B,900,3536000,5406826.248," (1,870,826.25)"
720,11232,10818,16408,1078,1276,Not Provided,CAT A,640,9437000,7202839.716," 2,234,160.28 "
721,4229,7736,11164,1191,1436,Open,CAT B,840,4352000,5326725.968," (974,725.97)"
722,10940,8714,12405,1317,1569,Covered,CAT C,780,3600000,4935980.964," (1,335,980.96)"
723,8499,7295,13189,1548,1858,Not Provided,CAT A,480,9948000,7281053.238," 2,666,946.76 "
724,9644,10754,13529,1560,1883,Open,CAT A,1040,8322000,7534359.223," 787,640.78 "
725,6419,13341,9727,1297,1529,Covered,CAT B,870,5294000,5534161.47," (240,161.47)"
726,10989,13153,13797,1645,1958,Covered,CAT B,530,9336000,6072321.889," 3,263,678.11 "
727,13247,11126,16434,1225,1455,Open,CAT B,750,7359000,5741894.205," 1,617,105.79 "
728,11487,12079,14156,1421,1704,Not Provided,CAT B,840,5384000,5484994.255," (100,994.25)"
729,7015,10387,11876,1655,1956,Open,CAT B,800,4735000,5693418.742," (958,418.74)"
730,8862,9304,14033,1615,1928,Covered,CAT A,660,6508000,7851758.629," (1,343,758.63)"
731,7798,10244,11170,1872,2262,Open,CAT C,560,6205000,4976599.308," 1,228,400.69 "
733,4101,13623,11261,1434,1729,No Parking,CAT B,480,4951000,5184655.291," (233,655.29)"
734,10947,14084,16646,1791,2167,Open,CAT A,700,6432000,7922496.67," (1,490,496.67)"
735,8701,8969,12290,932,1120,Covered,CAT B,660,3559000,5478119.786," (1,919,119.79)"
736,5922,10858,11683,1609,1924,Covered,CAT C,1170,6305000,5079670.728," 1,225,329.27 "
737,6868,11800,12496,1495,1793,Open,CAT B,1020,6530000,5631382.724," 898,617.28 "
738,11041,11886,15799,1769,2153,Not Provided,CAT A,580,6956000,7624699.997," (668,700.00)"
739,5913,7138,9401,1693,2032,Open,CAT C,610,4191000,4723933.728," (532,933.73)"
741,7091,9344,11297,1502,1815,No Parking,CAT C,190,5598000,4422315.823," 1,175,684.18 "
742,11849,9005,14370,1360,1612,Open,CAT B,490,6108000,5679568.787," 428,431.21 "
743,12973,15178,18836,1542,1844,Open,CAT B,680,5138000,6134967.071," (996,967.07)"
744,7574,11711,15247,1631,1947,Open,CAT A,670,8441000,7710211.401," 730,788.60 "
745,9085,12731,14181,1246,1482,Open,CAT B,1070,6068000,5588429.186," 479,570.81 "
746,4301,11537,10992,1990,2384,Open,CAT B,1110,6469000,5854124.868," 614,875.13 "
747,4203,7115,8579,967,1154,Open,CAT B,560,4578000,4982911.37," (404,911.37)"
748,6753,14224,12767,1582,1894,Not Provided,CAT C,1100,4180000,4679486.323," (499,486.32)"
749,7254,11059,14195,1430,1743,Open,CAT B,970,5323000,5713872.244," (390,872.24)"
751,9173,11072,14919,1827,2160,No Parking,CAT B,930,3616000,5722579.844," (2,106,579.84)"
752,6915,11441,13186,1118,1338,Open,CAT B,1040,4045000,5427843.644," (1,382,843.64)"
753,9971,10233,16692,1766,2109,Open,CAT B,1120,5791000,6126860.565," (335,860.56)"
754,9399,9367,15170,1799,2173,Not Provided,CAT C,910,3628000,5005024.252," (1,377,024.25)"
755,10130,12675,16231,1167,1411,Not Provided,CAT C,440,3919000,4656690.271," (737,690.27)"
756,8627,12260,14990,1493,1795,Not Provided,CAT B,530,6238000,5595737.316," 642,262.68 "
758,9258,9702,15077,1033,1237,Open,CAT C,740,3461000,4700106.619," (1,239,106.62)"
759,6728,9506,13849,1440,1711,Covered,CAT A,1020,8812000,7719749.411," 1,092,250.59 "
760,5262,9483,11328,1487,1773,Open,CAT B,970,5919000,5539054.151," 379,945.85 "
761,7730,7539,12454,1854,2205,No Parking,CAT C,890,3629000,4746401.978," (1,117,401.98)"
762,1241,6690,6422,1748,2086,Not Provided,CAT B,550,5376000,5130530.676," 245,469.32 "
763,6093,7010,9201,1937,2310,Open,CAT A,520,6630000,7467166.864," (837,166.86)"
764,8274,11673,13345,1641,1999,Covered,CAT B,950,9300000,6035980.733," 3,264,019.27 "
765,10247,11917,14754,1659,1999,Covered,CAT A,650,6566000,7935161.876," (1,369,161.88)"
766,4244,9371,7845,1743,2061,Open,CAT B,860,8193000,5452937.394," 2,740,062.61 "
767,5097,4574,9365,1449,1733,Covered,CAT C,320,6006000,4798995.631," 1,207,004.37 "
768,4917,7983,8409,1098,1309,No Parking,CAT A,860,5953000,6527405.682," (574,405.68)"
769,6365,12640,13601,1121,1351,Open,CAT C,900,4638000,4649762.388," (11,762.39)"
770,5951,9976,9312,1526,1858,Open,CAT A,550,7620000,7197552.78," 422,447.22 "
771,8074,11854,13745,1358,1645,Not Provided,CAT C,770,5686000,4600821.84," 1,085,178.16 "
772,8985,14620,15158,1336,1616,Open,CAT B,710,8662000,5721983.656," 2,940,016.34 "
773,5217,9329,10885,1502,1802,No Parking,CAT B,840,4973000,5202648.613," (229,648.61)"
774,8541,12045,14243,1534,1858,Open,CAT A,860,8837000,7569914.999," 1,267,085.00 "
775,7067,10289,15577,1418,1699,No Parking,CAT B,870,4916000,5495024.406," (579,024.41)"
776,5947,12991,10227,854,1018,Not Provided,CAT A,660,7774000,6591419.22," 1,182,580.78 "
777,7374,11516,14480,1450,1728,Not Provided,CAT C,930,3856000,4717719.424," (861,719.42)"
778,9404,11783,13882,1474,1776,No Parking,CAT A,1020,5199000,7188904.693," (1,989,904.69)"
779,11446,12213,16569,1524,1819,Open,CAT C,1190,3997000,5143099.692," (1,146,099.69)"
780,7805,9491,13544,1361,1638,Open,CAT B,1140,4604000,5618775.895," (1,014,775.90)"
781,7684,7671,13192,1398,1683,Open,CAT B,490,4950000,5617596.34," (667,596.34)"
782,7646,11556,12778,1085,1308,Open,CAT B,1170,7667000,5375170.153," 2,291,829.85 "
783,8618,10717,12286,1660,1979,Covered,CAT C,480,7580000,5159025.346," 2,420,974.65 "
784,8104,10396,15870,1648,2017,No Parking,CAT A,930,8172000,7454487.273," 717,512.73 "
785,11243,10747,15220,1453,1749,Covered,CAT B,890,5844000,6048408.256," (204,408.26)"
786,11436,11270,15073,1323,1591,Not Provided,CAT A,680,8572000,7269135.059," 1,302,864.94 "
787,12794,11457,16229,1385,1643,No Parking,CAT C,740,7094000,4710240.768," 2,383,759.23 "
788,12095,9405,14191,1250,1506,Covered,CAT B,990,6242000,5834585.498," 407,414.50 "
789,9585,14223,15252,1389,1683,No Parking,CAT B,680,5688000,5451231.955," 236,768.05 "
790,12262,12066,13268,1486,1758,Not Provided,CAT A,820,10182000,7245014.434," 2,936,985.57 "
791,7376,12607,11282,1655,1993,Not Provided,CAT A,440,8689000,7211480.773," 1,477,519.23 "
792,14470,14517,18178,1645,1963,Open,CAT C,900,4730000,5344645.022," (614,645.02)"
794,10532,12849,17962,1197,1428,Not Provided,CAT B,830,6541000,5616782.908," 924,217.09 "
796,7089,11023,13672,1878,2264,Not Provided,CAT A,310,5420000,7540107.834," (2,120,107.83)"
797,6944,12427,12710,1150,1378,Not Provided,CAT A,730,6739000,6976321.952," (237,321.95)"
798,4937,9926,12712,1562,1881,Open,CAT B,740,5453000,5692755.205," (239,755.20)"
799,9240,9365,13101,1596,1939,Not Provided,CAT A,960,7976000,7306956.974," 669,043.03 "
800,8055,7191,12428,1119,1345,Not Provided,CAT A,790,7806000,6934377.273," 871,622.73 "
801,8872,12192,14561,1116,1347,Open,CAT A,700,7408000,7310972.715," 97,027.28 "
802,8284,13014,14525,1934,2349,Open,CAT C,750,5299000,5268188.35," 30,811.65 "
803,6710,11558,12516,1299,1540,No Parking,CAT A,590,7058000,6968933.804," 89,066.20 "
804,11033,9554,16471,1417,1689,No Parking,CAT C,570,3431000,4749884.834," (1,318,884.83)"
805,8603,11358,12631,1235,1503,Covered,CAT A,660,7416000,7490509.528," (74,509.53)"
806,8975,12811,15983,1497,1815,Not Provided,CAT B,700,5919000,5672338.424," 246,661.58 "
807,5076,12426,13916,1430,1704,Not Provided,CAT C,1070,4337000,4662225.994," (325,225.99)"
809,10888,12334,13248,1444,1742,Covered,CAT B,840,5671000,5895571.793," (224,571.79)"
810,11162,17227,15805,1477,1798,No Parking,CAT C,850,5982000,4740888.286," 1,241,111.71 "
811,8221,10396,12215,1041,1246,Open,CAT C,600,3619000,4492532.031," (873,532.03)"
813,3228,9427,8678,1226,1472,No Parking,CAT A,710,6044000,6633964.004," (589,964.00)"
814,6477,12491,12168,1489,1783,Open,CAT A,450,7530000,7385074.15," 144,925.85 "
815,5736,8874,9142,1549,1871,Covered,CAT B,740,7408000,5661002.712," 1,746,997.29 "
816,7404,8906,8603,1073,1280,Open,CAT C,1240,6044000,4245370.444," 1,798,629.56 "
817,3003,7425,8635,1473,1785,Open,CAT A,570,8072000,7111339.068," 960,660.93 "
818,8912,8622,12611,2013,2396,Open,CAT C,580,4706000,5179164.342," (473,164.34)"
819,4035,5870,10523,1975,2368,Covered,CAT A,450,8683000,7833946.323," 849,053.68 "
820,8995,10230,13308,1561,1877,Covered,CAT A,790,5679000,7761296.776," (2,082,296.78)"
821,5424,6768,10459,1427,1723,Not Provided,CAT A,1040,6709000,6996085.714," (287,085.71)"
822,7223,14785,15856,1441,1747,Not Provided,CAT C,670,4437000,4814033.279," (377,033.28)"
823,8130,11848,13787,1275,1548,Open,CAT A,370,8297000,7360872.321," 936,127.68 "
824,9054,10247,13668,1574,1876,Not Provided,CAT A,620,5623000,7334277.728," (1,711,277.73)"
825,8606,14626,14267,1511,1791,No Parking,CAT B,1010,5376000,5460413.973," (84,413.97)"
826,10896,12078,13838,1428,1713,No Parking,CAT C,550,5539000,4561380.17," 977,619.83 "
827,8085,14677,14071,1388,1672,Open,CAT A,800,7350000,7458405.505," (108,405.51)"
828,8574,13442,14039,1057,1280,Covered,CAT C,610,4105000,4881795.097," (776,795.10)"
829,7921,9155,13610,1440,1747,Covered,CAT B,1090,6732000,5919806.611," 812,193.39 "
830,7929,13867,14846,1349,1610,Open,CAT B,700,6589000,5707554.563," 881,445.44 "
831,12772,16247,17250,1536,1808,Open,CAT C,830,5638000,5201891.24," 436,108.76 "
832,11719,11627,16141,2019,2420,Not Provided,CAT B,850,8567000,6037017.241," 2,529,982.76 "
833,7256,6832,11747,1236,1508,Covered,CAT B,1260,7083000,5643243.433," 1,439,756.57 "
834,8441,10093,13715,1436,1715,Open,CAT B,1030,4818000,5682208.33," (864,208.33)"
835,8607,8125,10064,1862,2248,Not Provided,CAT B,1160,5191000,5478634.449," (287,634.45)"
836,8598,5134,9461,1200,1442,Not Provided,CAT C,880,4432000,4175193.814," 256,806.19 "
837,8952,10380,13594,1360,1650,No Parking,CAT A,420,5894000,7090397.745," (1,196,397.74)"
838,10180,11465,14967,1722,2078,Open,CAT A,770,7361000,7750898.969," (389,898.97)"
839,7613,12937,12438,1577,1902,No Parking,CAT C,910,5406000,4557933.386," 848,066.61 "
840,8681,13158,15062,1850,2214,Covered,CAT A,1110,8500000,8087216.38," 412,783.62 "
841,3286,10258,10623,1447,1730,Covered,CAT C,510,4903000,4891260.857," 11,739.14 "
842,6233,11562,9659,1496,1800,Not Provided,CAT A,780,6330000,6983202.042," (653,202.04)"
843,11977,9765,13321,1679,2008,Open,CAT A,790,8430000,7599335.482," 830,664.52 "
844,8826,7816,15012,994,1194,Open,CAT A,1090,8139000,7262051.668," 876,948.33 "
845,10410,13110,16559,1354,1635,Covered,CAT A,1270,9590000,7863277.219," 1,726,722.78 "
847,9418,9913,14103,1597,1918,Open,CAT A,1260,7183000,7602090.42," (419,090.42)"
848,8740,10899,13447,1873,2252,Covered,CAT C,330,7931000,5389432.17," 2,541,567.83 "
849,9847,12288,15977,1218,1459,Open,CAT A,540,8789000,7485309.66," 1,303,690.34 "
850,8339,9392,10785,1458,1746,Not Provided,CAT C,720,4861000,4448154.926," 412,845.07 "
851,9721,10530,14692,1546,1860,Covered,CAT A,670,7316000,7854149.411," (538,149.41)"
852,6988,11932,12292,1608,1962,Open,CAT B,770,3628000,5692600.091," (2,064,600.09)"
853,4494,9538,10227,1822,2160,Open,CAT B,860,4972000,5683611.645," (711,611.64)"
854,8216,11665,12694,1716,2038,Not Provided,CAT B,410,4440000,5575643.233," (1,135,643.23)"
855,146,1666,3227,1072,1296,Open,CAT C,900,4759000,3844625.022," 914,374.98 "
856,10550,15272,16738,1330,1604,Open,CAT C,480,5146000,5024514.13," 121,485.87 "
857,4894,7778,11048,1588,1892,Open,CAT C,540,5775000,4775509.789," 999,490.21 "
858,9154,10416,16288,1425,1733,Open,CAT B,760,6600000,5866247.935," 733,752.07 "
859,7756,9038,10210,1778,2133,Open,CAT B,280,4595000,5652598.429," (1,057,598.43)"
860,10662,12056,16089,1363,1630,Open,CAT C,1120,5390000,4998528.157," 391,471.84 "
861,4385,7297,9569,1609,1928,Not Provided,CAT C,160,3792000,4459753.179," (667,753.18)"
862,3284,7836,9240,1671,2024,Not Provided,CAT B,620,6310000,5288180.433," 1,021,819.57 "
863,10593,10246,15143,1379,1636,No Parking,CAT C,440,3677000,4625366.63," (948,366.63)"
864,12181,15244,16983,1218,1452,Covered,CAT C,870,4391000,5209731.741," (818,731.74)"
865,5663,11526,9346,1724,2101,Open,CAT B,900,6639000,5551792.522," 1,087,207.48 "
866,3800,8105,9028,986,1179,Not Provided,CAT B,710,5916000,4809279.816," 1,106,720.18 "
867,6486,4644,9312,1330,1606,Covered,CAT C,590,3851000,4714596.364," (863,596.36)"
868,7216,12943,12133,1437,1725,Open,CAT B,910,4622000,5565155.689," (943,155.69)"
869,7873,11161,13081,1327,1609,Open,CAT C,1320,4150000,4750340.474," (600,340.47)"
871,4966,8278,11349,1651,2009,Open,CAT B,1000,5816000,5651496.262," 164,503.74 "
872,8062,9702,13106,1211,1462,Not Provided,CAT B,670,3853000,5264876.071," (1,411,876.07)"
873,5000,12943,14131,1916,2277,Covered,CAT B,610,5588000,6280398.735," (692,398.74)"
874,9858,11997,16321,1638,1937,Open,CAT A,1050,7094000,7794868.62," (700,868.62)"
875,9855,11962,15007,1172,1413,Open,CAT B,480,5394000,5599867.25," (205,867.25)"
876,9997,12349,13043,1350,1606,Covered,CAT A,770,4303000,7598920.36," (3,295,920.36)"
877,11090,10120,14193,1528,1843,Covered,CAT C,340,5982000,5211695.472," 770,304.53 "
878,5925,9388,9735,1305,1557,Covered,CAT B,580,5550000,5540165.559," 9,834.44 "
879,10071,12531,16707,1463,1751,Not Provided,CAT B,900,4999000,5703229.628," (704,229.63)"
880,9755,13857,15011,1409,1727,No Parking,CAT B,700,4298000,5446819.17," (1,148,819.17)"
881,7234,11952,14681,1419,1743,Not Provided,CAT A,860,6597000,7304868.317," (707,868.32)"
882,6916,7956,11608,1535,1819,No Parking,CAT A,540,5929000,7060920.645," (1,131,920.65)"
883,8487,13020,15515,1474,1745,Not Provided,CAT A,970,6302000,7404117.788," (1,102,117.79)"
884,13354,13720,14403,919,1099,Open,CAT B,1560,7381000,5383867.319," 1,997,132.68 "
885,7315,14823,12817,2067,2492,Not Provided,CAT C,790,7023000,5011112.572," 2,011,887.43 "
886,11751,12708,15442,1977,2362,No Parking,CAT B,1020,5995000,5862914.31," 132,085.69 "
887,6189,12084,11926,1293,1558,Open,CAT A,790,7810000,7234550.743," 575,449.26 "
889,11103,12451,17711,1582,1906,Covered,CAT A,550,9264000,8103155.688," 1,160,844.31 "
890,11581,11561,15935,1481,1789,Not Provided,CAT B,550,6354000,5657948.88," 696,051.12 "
891,10396,14997,15491,1214,1455,Covered,CAT A,950,8722000,7689146.065," 1,032,853.93 "
892,7647,7118,8842,1206,1460,No Parking,CAT B,810,4199000,4850489.65," (651,489.65)"
893,9866,10124,14776,1653,1982,Covered,CAT A,390,7941000,7932742.503," 8,257.50 "
894,10191,9752,14157,1152,1393,Not Provided,CAT B,860,5438000,5303199.511," 134,800.49 "
895,8320,11644,12967,1458,1757,Not Provided,CAT A,850,5860000,7203684.1," (1,343,684.10)"
896,6096,8908,12009,1249,1510,Open,CAT B,660,4895000,5428822.314," (533,822.31)"
897,6630,10006,10402,1939,2333,Not Provided,CAT B,830,4067000,5555846.82," (1,488,846.82)"
898,6208,10158,11935,1591,1919,Not Provided,CAT B,640,5234000,5434648.538," (200,648.54)"
899,5243,7079,8592,1180,1397,Open,CAT C,750,3914000,4316893.858," (402,893.86)"
900,10208,12161,16663,1846,2195,Open,CAT C,1170,4109000,5367797.071," (1,258,797.07)"
902,11805,13503,16890,1565,1854,Open,CAT A,900,10090000,7787857.439," 2,302,142.56 "
903,11304,17958,19046,1648,1959,No Parking,CAT A,370,7708000,7690837.754," 17,162.25 "
904,7767,13460,9901,1775,2104,Covered,CAT A,980,10515000,7652439.833," 2,862,560.17 "
905,12834,11668,17029,1439,1732,Open,CAT A,1170,8058000,7713013.708," 344,986.29 "
906,6171,5639,10068,1487,1776,Not Provided,CAT C,800,4623000,4414404.178," 208,595.82 "
907,10172,12781,14850,1800,2158,Open,CAT A,1100,9826000,7794927.399," 2,031,072.60 "
908,7821,14264,15354,1690,2024,Not Provided,CAT A,1070,7593000,7538172.75," 54,827.25 "
909,11264,12005,13876,1209,1452,Open,CAT C,830,5205000,4729723.475," 475,276.52 "
910,7124,11688,12853,1859,2222,Covered,CAT A,1210,8700000,7928912.616," 771,087.38 "
911,4775,6455,7672,1691,2023,No Parking,CAT B,540,6027000,5091326.357," 935,673.64 "
912,8650,11399,11434,1259,1493,Open,CAT A,100,8827000,7174950.075," 1,652,049.92 "
913,7550,12641,14060,1771,2138,Not Provided,CAT B,820,5782000,5714482.898," 67,517.10 "
914,8979,10075,13734,1205,1468,Open,CAT B,1210,6121000,5527444.658," 593,555.34 "
915,9652,9102,12608,1792,2131,No Parking,CAT A,810,7642000,7309094.342," 332,905.66 "
917,8929,12396,12930,1263,1516,Covered,CAT A,780,7098000,7531691.027," (433,691.03)"
918,9866,11461,15834,1344,1605,No Parking,CAT A,1160,7674000,7246275.802," 427,724.20 "
919,10022,12911,16307,1819,2187,Not Provided,CAT B,590,4792000,5914151.865," (1,122,151.86)"
920,6741,11479,11152,1357,1625,Open,CAT A,1140,5216000,7220221.462," (2,004,221.46)"
922,9205,10418,14496,1118,1337,Open,CAT A,560,7227000,7307487.755," (80,487.75)"
923,9538,11551,12839,1655,1986,Covered,CAT B,1150,7743000,6007790.708," 1,735,209.29 "
924,11786,13969,15519,1156,1398,Open,CAT A,140,9237000,7409308.573," 1,827,691.43 "
925,9615,7904,12521,1451,1734,Open,CAT C,670,3488000,4792502.185," (1,304,502.18)"
926,7176,5779,12382,1539,1829,Open,CAT B,650,4658000,5652647.226," (994,647.23)"
927,10915,17486,15964,1549,1851,Not Provided,CAT C,1220,7062000,4895088.488," 2,166,911.51 "
928,12176,8518,15673,1582,1910,Covered,CAT C,1080,6639000,5358342.657," 1,280,657.34 "
929,7214,8717,10553,1387,1663,Open,CAT A,850,8208000,7195928.092," 1,012,071.91 "
930,7423,11708,13220,1200,1436,Open,CAT A,1060,7644000,7267970.493," 376,029.51 "
931,15082,14700,19617,1299,1560,Open,CAT B,770,9661000,6028796.532," 3,632,203.47 "
932,9297,12537,14418,1174,1429,Covered,CAT C,1110,5434000,4989102.333," 444,897.67 "
